<?xml version="1.0" encoding="UTF-8"?>
<project-private xmlns="http://www.netbeans.org/ns/project-private/1">
    <editor-bookmarks xmlns="http://www.netbeans.org/ns/editor-bookmarks/2" lastBookmarkId="0"/>
    <open-files xmlns="http://www.netbeans.org/ns/projectui-open-files/2">
        <group>
            <file>file:/C:/Users/wuyu327/Documents/NetBeansProjects/FIT5046Assign1-Sem1-YuWu-29078504-Ali%20Hassani/Assignment1/src/java/Assign1/Credentials.java</file>
            <file>file:/C:/Users/wuyu327/Documents/NetBeansProjects/FIT5046Assign1-Sem1-YuWu-29078504-Ali%20Hassani/Assignment1/src/java/service/CinemaFacadeREST.java</file>
            <file>file:/C:/Users/wuyu327/Documents/NetBeansProjects/FIT5046Assign1-Sem1-YuWu-29078504-Ali%20Hassani/Assignment1/src/java/service/MemoirFacadeREST.java</file>
            <file>file:/C:/Users/wuyu327/Documents/NetBeansProjects/FIT5046Assign1-Sem1-YuWu-29078504-Ali%20Hassani/Assignment1/src/java/Assign1/Memoir.java</file>
            <file>file:/C:/Users/wuyu327/Documents/NetBeansProjects/FIT5046Assign1-Sem1-YuWu-29078504-Ali%20Hassani/Assignment1/src/java/service/CredentialsFacadeREST.java</file>
            <file>file:/C:/Users/wuyu327/Documents/NetBeansProjects/FIT5046Assign1-Sem1-YuWu-29078504-Ali%20Hassani/Assignment1/src/java/Assign1/Cinema.java</file>
            <file>file:/C:/Users/wuyu327/Documents/NetBeansProjects/FIT5046Assign1-Sem1-YuWu-29078504-Ali%20Hassani/Assignment1/src/java/Assign1/Person.java</file>
        </group>
    </open-files>
</project-private>
